instance,algorithm,run,iteration,entropy_H,N_eff,active_trajectories,mean_length
berlin52,MWI-H,1,0,1.2841567900738962,3.611621317975092,10,25024.8
berlin52,MWI-H,1,1,1.2670501030652452,3.5503638921506964,10,24800.6
berlin52,MWI-H,1,2,1.2761049806927671,3.582657991635446,10,24810.1
berlin52,MWI-H,1,3,1.2881568454435903,3.6260969355559247,10,24593.1
berlin52,MWI-H,1,4,1.299598445622142,3.6678235412686644,10,24229.9
berlin52,MWI-H,1,5,1.3070611313798923,3.6952977439355847,10,24083.2
berlin52,MWI-H,1,6,1.3200025050703257,3.743430754806417,10,23869.7
berlin52,MWI-H,1,7,1.299516587081874,3.6675233108759935,10,23544.0
berlin52,MWI-H,1,8,1.2842414121080343,3.61192695364913,10,23544.0
berlin52,MWI-H,1,9,1.2697256034532576,3.5598756107511544,10,23109.0
berlin52,MWI-H,1,10,1.2908730155148425,3.6359594195562375,10,22711.0
berlin52,MWI-H,1,11,1.3176573840293453,3.734662242208167,10,22186.6
berlin52,MWI-H,1,12,1.3146657066323502,3.7235060338017996,10,22207.1
berlin52,MWI-H,1,13,1.320032517818935,3.74354310713859,10,22064.8
berlin52,MWI-H,1,14,1.3265876942961135,3.7681632995474423,10,21793.2
berlin52,MWI-H,1,15,1.3246383076459678,3.760824847379989,10,21697.2
berlin52,MWI-H,1,16,1.323186776822454,3.755369854195334,10,21722.1
berlin52,MWI-H,1,17,1.3285656202348572,3.7756238232284427,10,21531.3
berlin52,MWI-H,1,18,1.3151382611689142,3.725266009279443,10,21275.2
berlin52,MWI-H,1,19,1.3218400201613822,3.7503156889586755,10,21399.6
berlin52,MWI-H,1,20,1.3199279668547013,3.7431517365565306,10,21164.7
berlin52,MWI-H,1,21,1.3443706944442564,3.835771908336402,10,20956.4
berlin52,MWI-H,1,22,1.34353339294761,3.8325615549811505,10,21149.9
berlin52,MWI-H,1,23,1.3556556595017606,3.8793036252617843,10,21025.4
berlin52,MWI-H,1,24,1.3270064423492045,3.769741541012565,10,20845.6
berlin52,MWI-H,1,25,1.3278910705075797,3.7730778360022152,10,20828.2
berlin52,MWI-H,1,26,1.3399549902123755,3.8188716148976365,10,20695.6
berlin52,MWI-H,1,27,1.340458958146445,3.8207966887828824,10,20559.2
berlin52,MWI-H,1,28,1.3156421213341192,3.727143495381819,10,20495.0
berlin52,MWI-H,1,29,1.3089794207252656,3.702393197616516,10,20393.7
berlin52,MWI-H,2,0,1.2051065436666666,3.3371146075537466,10,25396.5
berlin52,MWI-H,2,1,1.2284390017549733,3.4158931691012007,10,25305.3
berlin52,MWI-H,2,2,1.2347697571175125,3.4375869496537312,10,25092.5
berlin52,MWI-H,2,3,1.2195214183153789,3.385567075449242,10,24742.0
berlin52,MWI-H,2,4,1.2077573403544333,3.3459723547588798,10,24553.0
berlin52,MWI-H,2,5,1.2132994964868307,3.364567737624055,10,24410.3
berlin52,MWI-H,2,6,1.2826094958216434,3.6060373981660363,10,24201.8
berlin52,MWI-H,2,7,1.237285422692612,3.4462456554419876,10,24225.1
berlin52,MWI-H,2,8,1.2415388939726144,3.460935381377707,10,24168.5
berlin52,MWI-H,2,9,1.2488305770717494,3.4862636560591107,10,23959.7
berlin52,MWI-H,2,10,1.255321353707259,3.508965812352132,10,23900.8
berlin52,MWI-H,2,11,1.2336030184011184,3.433578522716765,10,23727.0
berlin52,MWI-H,2,12,1.2232199545187858,3.398111902294749,10,23307.3
berlin52,MWI-H,2,13,1.225357213813202,3.405382315152593,10,22896.9
berlin52,MWI-H,2,14,1.2165906580466037,3.375659315703322,10,22681.0
berlin52,MWI-H,2,15,1.2672075760799175,3.5509230226788064,10,22387.4
berlin52,MWI-H,2,16,1.2522112437816328,3.498069496104252,10,22246.6
berlin52,MWI-H,2,17,1.2429887442457528,3.4659568588012957,10,22061.2
berlin52,MWI-H,2,18,1.2188009973127594,3.383128920176896,10,21898.1
berlin52,MWI-H,2,19,1.178866727515033,3.2506881991675454,10,21905.6
berlin52,MWI-H,2,20,1.1820150605743782,3.2609385756233302,10,21832.3
berlin52,MWI-H,2,21,1.1467671970421112,3.1479995797009606,10,21560.5
berlin52,MWI-H,2,22,1.165048408588384,3.2060780811604856,10,21334.8
berlin52,MWI-H,2,23,1.116562268976218,3.054336148395313,10,21401.3
berlin52,MWI-H,2,24,1.144476204725184,3.1407957919122578,10,21178.9
berlin52,MWI-H,2,25,1.1716843741521055,3.227424252798275,10,21200.6
berlin52,MWI-H,2,26,1.1756081049129579,3.240112673311354,10,21166.1
berlin52,MWI-H,2,27,1.173026152589205,3.2317576476457917,10,21062.3
berlin52,MWI-H,2,28,1.1767030655456734,3.243662412191698,10,20972.4
berlin52,MWI-H,2,29,1.2462510577850323,3.477282360412463,10,20759.8
ch150,MWI-H,1,0,1.2158283566314965,3.373087026384499,10,42327.5
ch150,MWI-H,1,1,1.2150186666035552,3.3703569768519497,10,42270.1
ch150,MWI-H,1,2,1.2172946771245952,3.3780366810194518,10,42128.1
ch150,MWI-H,1,3,1.2115273669927515,3.358610567898483,10,41874.6
ch150,MWI-H,1,4,1.2100720464736616,3.353726267996384,10,41723.9
ch150,MWI-H,1,5,1.2098665975863945,3.353037319440706,10,41452.3
ch150,MWI-H,1,6,1.2129678687634775,3.363452138677153,10,41414.8
ch150,MWI-H,1,7,1.216663555480755,3.375905401575411,10,41201.5
ch150,MWI-H,1,8,1.2192367977521068,3.3846036105586963,10,41055.9
ch150,MWI-H,1,9,1.2248152068444296,3.4035370743183146,10,40704.0
ch150,MWI-H,1,10,1.214513070599477,3.3686533685372058,10,40547.3
ch150,MWI-H,1,11,1.2144915008064145,3.3685807081647843,10,40475.7
ch150,MWI-H,1,12,1.2137232093740518,3.3659936504018915,10,40228.2
ch150,MWI-H,1,13,1.2105417225560346,3.3553018029778743,10,40097.0
ch150,MWI-H,1,14,1.208626937337574,3.348883267701371,10,40003.5
ch150,MWI-H,1,15,1.2074745887693297,3.34502640951192,10,39903.6
ch150,MWI-H,1,16,1.2087539192652903,3.349308542354927,10,39863.4
ch150,MWI-H,1,17,1.2119447569867614,3.360012710943182,10,39673.4
ch150,MWI-H,1,18,1.2100229088875334,3.3535614780317635,10,39714.5
ch150,MWI-H,1,19,1.210104827443209,3.353836208197009,10,39560.3
ch150,MWI-H,1,20,1.209432825359436,3.3515831803809473,10,39392.7
ch150,MWI-H,1,21,1.2133825548855526,3.3648472048386227,10,39180.0
ch150,MWI-H,1,22,1.2168948037512641,3.376686164132444,10,38993.4
ch150,MWI-H,1,23,1.214310590136723,3.36797135109422,10,38786.8
ch150,MWI-H,1,24,1.213171831529719,3.364138227645402,10,38820.1
ch150,MWI-H,1,25,1.2147413033367371,3.3694222932599467,10,38774.8
ch150,MWI-H,1,26,1.2106890344684216,3.35579611531126,10,38765.6
ch150,MWI-H,1,27,1.2222750741822297,3.394902609614398,10,38710.8
ch150,MWI-H,1,28,1.2202693373978362,3.3881001528202814,10,38537.3
ch150,MWI-H,1,29,1.2183496989727962,3.381602464180775,10,38465.1
ch150,MWI-H,2,0,1.2287912696468268,3.417096690555214,10,41610.0
ch150,MWI-H,2,1,1.2235099244084684,3.3990973953029306,10,41392.1
ch150,MWI-H,2,2,1.2275175385590253,3.4127469990271657,10,41172.7
ch150,MWI-H,2,3,1.223477031696741,3.3989855916109466,10,41117.6
ch150,MWI-H,2,4,1.2261599212004048,3.4081169380974,10,40972.1
ch150,MWI-H,2,5,1.22532462377326,3.405271335415351,10,40872.7
ch150,MWI-H,2,6,1.2253985640728555,3.40552313150692,10,40644.9
ch150,MWI-H,2,7,1.2229571541811453,3.3972189946728366,10,40510.7
ch150,MWI-H,2,8,1.2253093892846396,3.405219458243104,10,40456.2
ch150,MWI-H,2,9,1.224728055418113,3.4032404641329546,10,40335.6
ch150,MWI-H,2,10,1.2291603287326638,3.4183580338768365,10,40079.9
ch150,MWI-H,2,11,1.2264141441746923,3.4089834698635966,10,39721.5
ch150,MWI-H,2,12,1.2263060562472572,3.408615019818538,10,39593.9
ch150,MWI-H,2,13,1.22412153765247,3.4011769641686533,10,39523.7
ch150,MWI-H,2,14,1.219189831659047,3.384444652683397,10,39367.0
ch150,MWI-H,2,15,1.2176310374536106,3.3791731096629474,10,39213.9
ch150,MWI-H,2,16,1.2174332563820063,3.378504839271977,10,39153.9
ch150,MWI-H,2,17,1.2159030772359574,3.373339074902501,10,39018.4
ch150,MWI-H,2,18,1.2162125489800883,3.3743831895832193,10,38861.4
ch150,MWI-H,2,19,1.216964989151998,3.3769231665209825,10,38882.9
ch150,MWI-H,2,20,1.2185869465213057,3.3824048362520758,10,38796.5
ch150,MWI-H,2,21,1.2213212077153555,3.391665869810979,10,38459.6
ch150,MWI-H,2,22,1.2254538305026779,3.4057113478130496,10,38256.3
ch150,MWI-H,2,23,1.2265406945650017,3.409414905350855,10,38234.8
ch150,MWI-H,2,24,1.2256917848140065,3.4065218479385777,10,38204.8
ch150,MWI-H,2,25,1.2274724579017207,3.4125931536169873,10,38108.8
ch150,MWI-H,2,26,1.2240939843738587,3.4010832518832,10,37942.5
ch150,MWI-H,2,27,1.2350393058568971,3.4385136717753144,10,37957.8
ch150,MWI-H,2,28,1.240569878150892,3.457583304605205,10,38096.0
ch150,MWI-H,2,29,1.2397500417269132,3.45474981353145,10,38105.1
d493,MWI-H,1,0,1.215436347718298,3.3717650053441073,10,331350.9
d493,MWI-H,1,1,1.2135669877084232,3.3654678503390807,10,330816.3
d493,MWI-H,1,2,1.2144455757790131,3.3684260095557543,10,330316.2
d493,MWI-H,1,3,1.2150395476263007,3.3704273540874157,10,330501.7
d493,MWI-H,1,4,1.2136863838275318,3.365869698128452,10,329889.4
d493,MWI-H,1,5,1.2146704785864393,3.369183663217935,10,329327.3
d493,MWI-H,1,6,1.2115271084483021,3.358609699548475,10,328216.9
d493,MWI-H,1,7,1.2118743840901285,3.3597762654357646,10,327911.1
d493,MWI-H,1,8,1.2106068546639537,3.3555203479740774,10,327695.6
d493,MWI-H,1,9,1.2106319180772034,3.3556044498211617,10,327227.0
d493,MWI-H,1,10,1.2081809530781087,3.3473900514774058,10,327144.8
d493,MWI-H,1,11,1.20554630666597,3.3385824698146824,10,326380.1
d493,MWI-H,1,12,1.2051639768428721,3.337306274148978,10,326301.4
d493,MWI-H,1,13,1.2055133576445904,3.3384724686017333,10,325657.1
d493,MWI-H,1,14,1.2043310038808412,3.334527545720088,10,325301.3
d493,MWI-H,1,15,1.2040826383145289,3.333699466735221,10,324949.7
d493,MWI-H,1,16,1.2039284144233653,3.333185370275488,10,324635.3
d493,MWI-H,1,17,1.205240876146734,3.337562920546072,10,323880.4
d493,MWI-H,1,18,1.2042470307765758,3.334247546847167,10,323404.4
d493,MWI-H,1,19,1.2045762237728395,3.3353453384701415,10,322770.0
d493,MWI-H,1,20,1.2025893726770618,3.3287250828385138,10,322346.2
d493,MWI-H,1,21,1.2063129802716492,3.3411430543155256,10,322083.6
d493,MWI-H,1,22,1.206544176771769,3.3419156041980562,10,321867.4
d493,MWI-H,1,23,1.2071734140396382,3.3440191237793426,10,321492.3
d493,MWI-H,1,24,1.2091404393984526,3.3506033677606433,10,321585.4
d493,MWI-H,1,25,1.2089715116130537,3.350037405558694,10,321391.7
d493,MWI-H,1,26,1.2090466871579388,3.3502892559124176,10,321352.1
d493,MWI-H,1,27,1.209351843023264,3.351311772334902,10,320668.1
d493,MWI-H,1,28,1.2089225284631977,3.349873314193323,10,320905.3
d493,MWI-H,1,29,1.2087289841739521,3.349225028081726,10,320993.1
d493,MWI-H,2,0,1.2054615811527603,3.3382996186840574,10,335469.6
d493,MWI-H,2,1,1.206664504310032,3.3423177528700863,10,334542.9
d493,MWI-H,2,2,1.2069016501901484,3.3431104637455635,10,334191.7
d493,MWI-H,2,3,1.2060860266868954,3.3403848559633444,10,333544.0
d493,MWI-H,2,4,1.2064667876384951,3.341656986253211,10,332965.4
d493,MWI-H,2,5,1.2069265732625403,3.3431937853679767,10,332409.1
d493,MWI-H,2,6,1.208400358801591,3.3481245685891103,10,332156.7
d493,MWI-H,2,7,1.2071489390818362,3.343937280053964,10,331664.3
d493,MWI-H,2,8,1.2081632147658523,3.34733067495405,10,331040.4
d493,MWI-H,2,9,1.2085946403703702,3.3487751106748864,10,330708.3
d493,MWI-H,2,10,1.2072857957921548,3.3443949516266223,10,330488.8
d493,MWI-H,2,11,1.205001512412136,3.3367641246261557,10,329872.0
d493,MWI-H,2,12,1.2063373543611113,3.3412244926277253,10,328719.5
d493,MWI-H,2,13,1.2055708020491676,3.33866425067324,10,328508.9
d493,MWI-H,2,14,1.2069753063061783,3.3433567133465654,10,328096.2
d493,MWI-H,2,15,1.207532979900692,3.3452217350909934,10,327923.1
d493,MWI-H,2,16,1.2073707127493112,3.3446789595278164,10,327388.6
d493,MWI-H,2,17,1.2083858360152033,3.3480759448442785,10,326532.9
d493,MWI-H,2,18,1.2074825214927396,3.345052944786474,10,326228.2
d493,MWI-H,2,19,1.2055668004580609,3.338650890730797,10,326304.6
d493,MWI-H,2,20,1.2069845282457705,3.343387545722378,10,326076.2
d493,MWI-H,2,21,1.2072010072477741,3.3441113972680907,10,325781.5
d493,MWI-H,2,22,1.2067097293919051,3.3424689128821923,10,325158.7
d493,MWI-H,2,23,1.2075146072675287,3.3451602751237974,10,324651.4
d493,MWI-H,2,24,1.2076243325725813,3.3455273439934388,10,324560.6
d493,MWI-H,2,25,1.2062294206870412,3.3408638814537372,10,324089.8
d493,MWI-H,2,26,1.2060643025880533,3.340312289900782,10,323665.8
d493,MWI-H,2,27,1.2063263386272278,3.3411876867905916,10,323393.7
d493,MWI-H,2,28,1.2078551709814123,3.346299709344591,10,323240.5
d493,MWI-H,2,29,1.2078525211846987,3.3462908423423667,10,323197.0
eil76,MWI-H,1,0,1.2605692720932504,3.527428982786431,10,2010.0
eil76,MWI-H,1,1,1.2600021943330129,3.525429223322624,10,1993.9
eil76,MWI-H,1,2,1.2629344611462592,3.535781893414241,10,1994.5
eil76,MWI-H,1,3,1.2696279626767994,3.5595280387013046,10,2000.6
eil76,MWI-H,1,4,1.2462945158701793,3.4774334797290165,10,1971.5
eil76,MWI-H,1,5,1.2536193352087455,3.5029985672501582,10,1948.5
eil76,MWI-H,1,6,1.2450955169656108,3.473266539373771,10,1932.4
eil76,MWI-H,1,7,1.2525140039106728,3.4991287324154534,10,1916.2
eil76,MWI-H,1,8,1.242836217954112,3.4654282495690634,10,1894.2
eil76,MWI-H,1,9,1.2441542595624115,3.4699988396448376,10,1877.4
eil76,MWI-H,1,10,1.2334354248348312,3.4330031252648174,10,1859.6
eil76,MWI-H,1,11,1.222315172549637,3.395038742395884,10,1857.3
eil76,MWI-H,1,12,1.2329163524374342,3.431221610509883,10,1841.6
eil76,MWI-H,1,13,1.232296046075039,3.4290938619103186,10,1830.2
eil76,MWI-H,1,14,1.2548442154872415,3.507291950013929,10,1806.8
eil76,MWI-H,1,15,1.2469872193242861,3.4798431444070204,10,1796.4
eil76,MWI-H,1,16,1.2530220682510367,3.5009069666371833,10,1779.6
eil76,MWI-H,1,17,1.2151751625981113,3.3708844654929044,10,1777.3
eil76,MWI-H,1,18,1.2127849474191437,3.3628369477578337,10,1780.5
eil76,MWI-H,1,19,1.2060119651338836,3.340137471034224,10,1787.2
eil76,MWI-H,1,20,1.2077177568797002,3.345839912168004,10,1784.9
eil76,MWI-H,1,21,1.2102215328757346,3.3542276419430848,10,1779.7
eil76,MWI-H,1,22,1.2057160066398482,3.3391490752477044,10,1770.6
eil76,MWI-H,1,23,1.19740798681755,3.3115222794318595,10,1762.5
eil76,MWI-H,1,24,1.1872915379896416,3.2781903185603882,10,1753.4
eil76,MWI-H,1,25,1.1802857728275291,3.2553043475061667,10,1750.0
eil76,MWI-H,1,26,1.177391857550147,3.2458973905556783,10,1739.8
eil76,MWI-H,1,27,1.1721178364732128,3.228823522849604,10,1730.8
eil76,MWI-H,1,28,1.18159018631631,3.259553381053002,10,1725.1
eil76,MWI-H,1,29,1.1849782295334488,3.270615617862976,10,1721.6
eil76,MWI-H,2,0,1.2417757250910113,3.461755135642606,10,1981.5
eil76,MWI-H,2,1,1.245432760133251,3.474438072318206,10,1972.0
eil76,MWI-H,2,2,1.2259168624967591,3.407288666275968,10,1948.1
eil76,MWI-H,2,3,1.2422727161956593,3.4634760247493572,10,1928.1
eil76,MWI-H,2,4,1.2435235292363285,3.46781089621887,10,1908.9
eil76,MWI-H,2,5,1.2445864944258422,3.4714990183108005,10,1896.1
eil76,MWI-H,2,6,1.2502141393932824,3.4910904574168367,10,1879.0
eil76,MWI-H,2,7,1.2522616328301617,3.4982457649388206,10,1877.2
eil76,MWI-H,2,8,1.2595202149224711,3.5237304484438035,10,1855.4
eil76,MWI-H,2,9,1.2660437205901212,3.5467926654607136,10,1841.7
eil76,MWI-H,2,10,1.2635259821865827,3.537874001500164,10,1830.3
eil76,MWI-H,2,11,1.2678258512619835,3.553119149092426,10,1823.2
eil76,MWI-H,2,12,1.2572198206083138,3.515633795273537,10,1807.7
eil76,MWI-H,2,13,1.2678236343668925,3.5531112722087577,10,1786.0
eil76,MWI-H,2,14,1.2416750417677522,3.4614066121767855,10,1793.4
eil76,MWI-H,2,15,1.2248076644925638,3.40351140374092,10,1773.3
eil76,MWI-H,2,16,1.2168012074557635,3.3763701336062866,10,1759.6
eil76,MWI-H,2,17,1.2191813018545756,3.384415784155387,10,1754.4
eil76,MWI-H,2,18,1.2223779958242322,3.395252036546907,10,1758.5
eil76,MWI-H,2,19,1.2194160749536396,3.3852104472166586,10,1756.2
eil76,MWI-H,2,20,1.2101145666085822,3.3538688719215335,10,1749.1
eil76,MWI-H,2,21,1.1992765331659494,3.3177157969299502,10,1747.0
eil76,MWI-H,2,22,1.1847911946270586,3.2700039557799143,10,1742.1
eil76,MWI-H,2,23,1.1901204980215292,3.287477318030009,10,1734.2
eil76,MWI-H,2,24,1.1966271821026886,3.3089376364047536,10,1722.7
eil76,MWI-H,2,25,1.2133765487987362,3.3648269953348766,10,1713.6
eil76,MWI-H,2,26,1.1940668513901402,3.3004764980266885,10,1713.6
eil76,MWI-H,2,27,1.2845283503907228,3.6129635024720637,10,1723.7
eil76,MWI-H,2,28,1.2857608312084283,3.61741915587359,10,1721.0
eil76,MWI-H,2,29,1.2851589055493258,3.6152423936541798,10,1721.6
kroA100,MWI-H,1,0,1.2267747929242612,3.410213137214972,10,134992.7
kroA100,MWI-H,1,1,1.230854859158301,3.4241554561379255,10,134288.3
kroA100,MWI-H,1,2,1.237409764813505,3.446674195578146,10,132967.0
kroA100,MWI-H,1,3,1.2393086217195175,3.4532251543754953,10,132024.1
kroA100,MWI-H,1,4,1.2282174573311593,3.4151364808403692,10,129782.3
kroA100,MWI-H,1,5,1.2111734110545909,3.3574219781106223,10,128165.7
kroA100,MWI-H,1,6,1.2147720375756654,3.3695258514811415,10,127336.7
kroA100,MWI-H,1,7,1.2188727009427764,3.3833715114985234,10,126682.2
kroA100,MWI-H,1,8,1.2199149406598475,3.386899633920699,10,126159.9
kroA100,MWI-H,1,9,1.212352017057496,3.3613813886424806,10,126229.8
kroA100,MWI-H,1,10,1.2144282018054322,3.36836748711964,10,125239.2
kroA100,MWI-H,1,11,1.2048695869051125,3.3363239493630075,10,124319.1
kroA100,MWI-H,1,12,1.2045345825806248,3.335206453605486,10,123238.1
kroA100,MWI-H,1,13,1.2047710894767198,3.3359953462172585,10,122690.2
kroA100,MWI-H,1,14,1.2066288574412725,3.3421986118313125,10,120615.5
kroA100,MWI-H,1,15,1.210368791021623,3.3547216156564588,10,120109.5
kroA100,MWI-H,1,16,1.206568431129123,3.3419966611963554,10,119914.3
kroA100,MWI-H,1,17,1.2091202157322942,3.350535606961893,10,119466.8
kroA100,MWI-H,1,18,1.2148851775646292,3.369907101165677,10,118623.1
kroA100,MWI-H,1,19,1.2127550727583194,3.3627364856452555,10,117417.1
kroA100,MWI-H,1,20,1.2189431401285837,3.3836098418268756,10,116544.0
kroA100,MWI-H,1,21,1.2196668757782636,3.3860595672639,10,115692.3
kroA100,MWI-H,1,22,1.2230619142944759,3.3975749063620766,10,115139.6
kroA100,MWI-H,1,23,1.232015122240441,3.428130683009724,10,114062.6
kroA100,MWI-H,1,24,1.2344436092379156,3.4364659707715517,10,114237.9
kroA100,MWI-H,1,25,1.2395638209892321,3.4541065273711413,10,113663.7
kroA100,MWI-H,1,26,1.2298766282962696,3.4208074794084022,10,113306.8
kroA100,MWI-H,1,27,1.2295043089650697,3.41953408372513,10,113132.6
kroA100,MWI-H,1,28,1.2195345557183388,3.3856115533003215,10,112243.9
kroA100,MWI-H,1,29,1.2015799264968103,3.325366609402811,10,111635.4
kroA100,MWI-H,2,0,1.2467909534727672,3.4791602370470205,10,132437.6
kroA100,MWI-H,2,1,1.2364521327042366,3.4433751295961508,10,131930.1
kroA100,MWI-H,2,2,1.2414361731964543,3.4605798896675966,10,131014.9
kroA100,MWI-H,2,3,1.2337718100280657,3.4341581309369964,10,129403.6
kroA100,MWI-H,2,4,1.2336748290692205,3.433825099137765,10,128437.9
kroA100,MWI-H,2,5,1.228088508249638,3.4146961305198897,10,127423.7
kroA100,MWI-H,2,6,1.24102546338996,3.4591588874005113,10,128199.2
kroA100,MWI-H,2,7,1.2399349791756338,3.4553887852310092,10,128131.4
kroA100,MWI-H,2,8,1.253648964267362,3.5031023593376642,10,127304.9
kroA100,MWI-H,2,9,1.2576204912896463,3.5170426888939397,10,126676.0
kroA100,MWI-H,2,10,1.2777912897971802,3.58870455718115,10,125444.9
kroA100,MWI-H,2,11,1.278662438283271,3.5918322138520544,10,125063.3
kroA100,MWI-H,2,12,1.2762564171859454,3.583200577880598,10,124273.8
kroA100,MWI-H,2,13,1.2597555227116701,3.524559707227059,10,123651.5
kroA100,MWI-H,2,14,1.2625721382416715,3.534501030705591,10,123306.2
kroA100,MWI-H,2,15,1.2721508249131348,3.5685195750038776,10,121952.7
kroA100,MWI-H,2,16,1.2743217076034608,3.5762748272050224,10,121953.3
kroA100,MWI-H,2,17,1.2630706959520221,3.5362636227871187,10,120763.1
kroA100,MWI-H,2,18,1.2819111825793492,3.6035201335206004,10,119503.7
kroA100,MWI-H,2,19,1.2871430560966972,3.6224226998770397,10,119067.6
kroA100,MWI-H,2,20,1.291510294112285,3.6382772771575658,10,118035.6
kroA100,MWI-H,2,21,1.29368371267921,3.6461933759252436,10,117559.4
kroA100,MWI-H,2,22,1.2951000275572242,3.651361192615652,10,117261.2
kroA100,MWI-H,2,23,1.296009993155286,3.6546853178774708,10,117356.5
kroA100,MWI-H,2,24,1.273563516280703,3.573564354321593,10,116376.4
kroA100,MWI-H,2,25,1.2644559156436876,3.541165519110154,10,115099.2
kroA100,MWI-H,2,26,1.2754509060108628,3.5803154319372044,10,115414.6
kroA100,MWI-H,2,27,1.2782259733113177,3.590264846980826,10,115116.8
kroA100,MWI-H,2,28,1.2868728281735355,3.621443952362448,10,113955.0
kroA100,MWI-H,2,29,1.2947252273690677,3.649992918184407,10,113097.8
lin318,MWI-H,1,0,1.204327472791341,3.334515771225671,10,443215.1
lin318,MWI-H,1,1,1.2049702576634616,3.3366598365318123,10,442457.4
lin318,MWI-H,1,2,1.2037495678420018,3.3325892947715854,10,442117.4
lin318,MWI-H,1,3,1.205533819514002,3.338540780688314,10,440443.6
lin318,MWI-H,1,4,1.2038250592740842,3.3328408862063696,10,438783.5
lin318,MWI-H,1,5,1.205042174959985,3.3368998087156454,10,437832.7
lin318,MWI-H,1,6,1.2047678066652447,3.3359843947914305,10,437191.2
lin318,MWI-H,1,7,1.204573617669058,3.335336646225369,10,437144.6
lin318,MWI-H,1,8,1.2042260765273054,3.3341776809249377,10,436420.6
lin318,MWI-H,1,9,1.2054855589365958,3.3383796646703514,10,435126.8
lin318,MWI-H,1,10,1.2058324457062441,3.339537905285647,10,433529.9
lin318,MWI-H,1,11,1.2065389580024717,3.341898163557016,10,433891.3
lin318,MWI-H,1,12,1.2052296354974987,3.337525404382835,10,432547.2
lin318,MWI-H,1,13,1.204654853659335,3.3356076066064504,10,431526.8
lin318,MWI-H,1,14,1.2053953304991112,3.338078461478229,10,429618.6
lin318,MWI-H,1,15,1.2056047094335158,3.338777457964468,10,428592.7
lin318,MWI-H,1,16,1.2063948356414422,3.3414165560094062,10,428089.9
lin318,MWI-H,1,17,1.205888025224727,3.3397235203525284,10,426451.8
lin318,MWI-H,1,18,1.2066038780529156,3.3421151267969287,10,424995.5
lin318,MWI-H,1,19,1.2069814055848331,3.343377105472991,10,424304.0
lin318,MWI-H,1,20,1.2088259019386671,3.3495496432152074,10,423474.4
lin318,MWI-H,1,21,1.2121990235709617,3.360867158522193,10,423000.4
lin318,MWI-H,1,22,1.210653056706211,3.3556753834484403,10,422091.6
lin318,MWI-H,1,23,1.210510172797115,3.355195945684782,10,421159.1
lin318,MWI-H,1,24,1.2111923751803708,3.3574856492870437,10,420801.3
lin318,MWI-H,1,25,1.2126702664586637,3.3624513164994316,10,419509.7
lin318,MWI-H,1,26,1.2138641557327738,3.3664681083861745,10,418841.3
lin318,MWI-H,1,27,1.2126566082836883,3.3624053918646286,10,418515.1
lin318,MWI-H,1,28,1.2152366980231741,3.371091900683567,10,416811.4
lin318,MWI-H,1,29,1.2163189826252263,3.374742356599567,10,416011.8
lin318,MWI-H,2,0,1.218964631976804,3.3836825626374822,10,433712.9
lin318,MWI-H,2,1,1.2194562289604416,3.3853463797090813,10,433299.9
lin318,MWI-H,2,2,1.2195992738364752,3.3858306707991512,10,431788.0
lin318,MWI-H,2,3,1.2190186137356254,3.3838652247036722,10,430928.2
lin318,MWI-H,2,4,1.2218360911891144,3.393412632166802,10,428998.3
lin318,MWI-H,2,5,1.2220244211632587,3.3940517736629405,10,428891.7
lin318,MWI-H,2,6,1.2221236745503414,3.3943886615157646,10,428411.5
lin318,MWI-H,2,7,1.2234435316611463,3.3988717273798805,10,427522.4
lin318,MWI-H,2,8,1.223876047230594,3.4003421102793547,10,426316.4
lin318,MWI-H,2,9,1.2241210908479114,3.401175444507621,10,426229.7
lin318,MWI-H,2,10,1.2255101022435788,3.405902998511806,10,425177.3
lin318,MWI-H,2,11,1.226546067399174,3.4094332236209763,10,424438.7
lin318,MWI-H,2,12,1.22378093465948,3.40001871037852,10,423772.6
lin318,MWI-H,2,13,1.2211579881251968,3.391112328673361,10,423908.6
lin318,MWI-H,2,14,1.2223811008027987,3.395262578748075,10,423577.2
lin318,MWI-H,2,15,1.2231481291309316,3.3978678403544214,10,423025.2
lin318,MWI-H,2,16,1.2217257567360742,3.393038242494512,10,421348.7
lin318,MWI-H,2,17,1.2234304018316489,3.398827101066585,10,420113.8
lin318,MWI-H,2,18,1.2248161168694094,3.403540171623481,10,419826.7
lin318,MWI-H,2,19,1.2253935543180334,3.4055060707137255,10,418664.3
lin318,MWI-H,2,20,1.2226873281837642,3.396302460327235,10,418566.2
lin318,MWI-H,2,21,1.2231752470737056,3.397959984789448,10,417388.7
lin318,MWI-H,2,22,1.2212687338117165,3.391487900532363,10,416041.2
lin318,MWI-H,2,23,1.2215707193380676,3.3925122354504937,10,416849.6
lin318,MWI-H,2,24,1.2210798411897978,3.3908473339916774,10,415281.2
lin318,MWI-H,2,25,1.2196604133713695,3.386037685239914,10,414128.7
lin318,MWI-H,2,26,1.2212675368851755,3.391483841172911,10,413103.2
lin318,MWI-H,2,27,1.2218832981300323,3.3935728285776,10,412611.2
lin318,MWI-H,2,28,1.2211037571063983,3.3909284301834632,10,412214.7
lin318,MWI-H,2,29,1.220786228958449,3.389851885884802,10,412204.8
pcb442,MWI-H,1,0,1.2024759861622698,3.3283476716997416,10,563752.2
pcb442,MWI-H,1,1,1.2029673648130248,3.329983552573457,10,562949.0
pcb442,MWI-H,1,2,1.204144787776583,3.3339066608021617,10,561906.8
pcb442,MWI-H,1,3,1.2050566050389335,3.3369479607907473,10,560568.6
pcb442,MWI-H,1,4,1.2058394847446046,3.3395614125038025,10,560135.0
pcb442,MWI-H,1,5,1.2047610331026017,3.3359617983686856,10,559759.8
pcb442,MWI-H,1,6,1.2031163535359508,3.3304797195310427,10,558534.6
pcb442,MWI-H,1,7,1.2050431452114634,3.336903046349189,10,557860.6
pcb442,MWI-H,1,8,1.2061800628773096,3.3406989877993656,10,556674.3
pcb442,MWI-H,1,9,1.206201854708595,3.3407717885413115,10,555588.5
pcb442,MWI-H,1,10,1.2058155178740824,3.3394813746269607,10,554249.1
pcb442,MWI-H,1,11,1.207357796905545,3.344635760455904,10,552635.6
pcb442,MWI-H,1,12,1.2077889784840468,3.3460782167405516,10,551380.6
pcb442,MWI-H,1,13,1.206395581040571,3.3414190466993245,10,550610.8
pcb442,MWI-H,1,14,1.2064481556584978,3.341594725147111,10,549889.9
pcb442,MWI-H,1,15,1.2062684528727097,3.340994285218007,10,548976.8
pcb442,MWI-H,1,16,1.2055694528420793,3.3386597461268064,10,548069.9
pcb442,MWI-H,1,17,1.2097506158893339,3.3526484510333345,10,548365.0
pcb442,MWI-H,1,18,1.2097515576580635,3.3526516084542943,10,548380.2
pcb442,MWI-H,1,19,1.2103221439908665,3.3545651315038625,10,547483.9
pcb442,MWI-H,1,20,1.210470196452332,3.35506181989579,10,547025.3
pcb442,MWI-H,1,21,1.2089590885945387,3.3499957882404856,10,546985.2
pcb442,MWI-H,1,22,1.2093921980444913,3.3514470173215027,10,546332.3
pcb442,MWI-H,1,23,1.207910465161841,3.346484745360149,10,546374.8
pcb442,MWI-H,1,24,1.210518515407551,3.3552239368942534,10,545845.1
pcb442,MWI-H,1,25,1.2095288817300864,3.3519051367599206,10,545314.9
pcb442,MWI-H,1,26,1.2071258584655395,3.3438601008113586,10,544420.6
pcb442,MWI-H,1,27,1.207160211291251,3.3439749738277,10,543520.3
pcb442,MWI-H,1,28,1.2073999134357973,3.344776627875495,10,543538.3
pcb442,MWI-H,1,29,1.2063806002128996,3.341368989851355,10,542907.4
pcb442,MWI-H,2,0,1.2041195914591996,3.3338226596900733,10,580614.7
pcb442,MWI-H,2,1,1.2038798457297168,3.3330234857476575,10,579874.5
pcb442,MWI-H,2,2,1.2044128445871,3.334800456976942,10,579482.8
pcb442,MWI-H,2,3,1.2050150475564,3.336809288515607,10,578793.0
pcb442,MWI-H,2,4,1.202989130223653,3.330056031821632,10,577763.6
pcb442,MWI-H,2,5,1.2030938272395206,3.330404697002619,10,577143.5
pcb442,MWI-H,2,6,1.2011632899140028,3.3239814286006224,10,576242.6
pcb442,MWI-H,2,7,1.2006912823706064,3.322412854510737,10,575365.4
pcb442,MWI-H,2,8,1.2014390288406411,3.32489810604793,10,574241.4
pcb442,MWI-H,2,9,1.2023051386113173,3.3277790802239267,10,573173.0
pcb442,MWI-H,2,10,1.202941532847241,3.3298975336632903,10,572262.6
pcb442,MWI-H,2,11,1.2034187431258474,3.3314869742115802,10,571679.6
pcb442,MWI-H,2,12,1.2039219383286248,3.333163784321139,10,569934.1
pcb442,MWI-H,2,13,1.2037436777966166,3.3325696657271973,10,569547.7
pcb442,MWI-H,2,14,1.2067344592299514,3.342551572619159,10,569178.3
pcb442,MWI-H,2,15,1.207516474833319,3.3451665224365237,10,568396.5
pcb442,MWI-H,2,16,1.2072273993064992,3.344199656417136,10,568046.2
pcb442,MWI-H,2,17,1.2064471066917029,3.3415912199270403,10,566718.5
pcb442,MWI-H,2,18,1.2061354647574187,3.3405500022276513,10,566497.2
pcb442,MWI-H,2,19,1.2047123625461749,3.3357994392028276,10,564764.8
pcb442,MWI-H,2,20,1.2067885231232263,3.3427322888557147,10,563839.7
pcb442,MWI-H,2,21,1.2071204377311815,3.34384197468315,10,563493.2
pcb442,MWI-H,2,22,1.2063478958299994,3.3412597142274056,10,562404.7
pcb442,MWI-H,2,23,1.2058954457714106,3.3397483030187716,10,561566.0
pcb442,MWI-H,2,24,1.2053608385237828,3.3379633265439184,10,561126.7
pcb442,MWI-H,2,25,1.206048107391801,3.3402581933257567,10,560248.5
pcb442,MWI-H,2,26,1.2076749262348674,3.345696610755926,10,560205.5
pcb442,MWI-H,2,27,1.2071941621203681,3.3440885064778616,10,559646.8
pcb442,MWI-H,2,28,1.2069672022873175,3.3433296188304893,10,558785.5
pcb442,MWI-H,2,29,1.2052382225353868,3.337554063962985,10,557397.2
pr439,MWI-H,1,0,1.205185142156161,3.3373769100293242,10,1388098.5
pr439,MWI-H,1,1,1.2032874496140649,3.331049600300085,10,1385613.3
pr439,MWI-H,1,2,1.203991091987549,3.3333942927627773,10,1382693.7
pr439,MWI-H,1,3,1.2049861790670313,3.3367129612625535,10,1379586.8
pr439,MWI-H,1,4,1.2062438180964845,3.340911981585191,10,1379249.4
pr439,MWI-H,1,5,1.2079166489718431,3.3465054394499734,10,1381072.8
pr439,MWI-H,1,6,1.205988348216064,3.340058588213553,10,1378717.0
pr439,MWI-H,1,7,1.2024260260461508,3.3281813912173095,10,1374537.9
pr439,MWI-H,1,8,1.2037444771463317,3.3325723296168746,10,1374017.8
pr439,MWI-H,1,9,1.2065378376018154,3.341894419294218,10,1369413.1
pr439,MWI-H,1,10,1.2070610155993173,3.3436432823678164,10,1368047.6
pr439,MWI-H,1,11,1.2078175552689896,3.3461738382644244,10,1365807.5
pr439,MWI-H,1,12,1.2092934649304292,3.351116134855666,10,1363782.8
pr439,MWI-H,1,13,1.2104046404708642,3.354841882734479,10,1361495.2
pr439,MWI-H,1,14,1.209031109515864,3.350237066712035,10,1360584.3
pr439,MWI-H,1,15,1.2081201808847624,3.347186629423257,10,1358828.8
pr439,MWI-H,1,16,1.2076426672168141,3.3455886836093804,10,1356447.1
pr439,MWI-H,1,17,1.2078295724982389,3.3462140502441646,10,1354415.0
pr439,MWI-H,1,18,1.2068771889535785,3.343028688129801,10,1350892.9
pr439,MWI-H,1,19,1.2050775400677756,3.337017820623807,10,1352113.1
pr439,MWI-H,1,20,1.2066376428400027,3.3422279745077343,10,1348456.6
pr439,MWI-H,1,21,1.206453430391688,3.341612351214202,10,1346736.1
pr439,MWI-H,1,22,1.2084716067863257,3.348363124215466,10,1341663.4
pr439,MWI-H,1,23,1.2083897231315577,3.3480889592303336,10,1340321.6
pr439,MWI-H,1,24,1.210121795120479,3.353893115490197,10,1338434.1
pr439,MWI-H,1,25,1.2091882944027985,3.350763714736041,10,1335356.0
pr439,MWI-H,1,26,1.2093078055397073,3.3511641922473863,10,1332596.5
pr439,MWI-H,1,27,1.2082278864915588,3.347547159605452,10,1331195.0
pr439,MWI-H,1,28,1.2090246632259887,3.350215470182361,10,1329573.4
pr439,MWI-H,1,29,1.210586500353809,3.355452049367306,10,1327851.4
pr439,MWI-H,2,0,1.2032084149631574,3.3307863423611566,10,1398138.5
pr439,MWI-H,2,1,1.2025807946230131,3.3286965289773085,10,1395399.7
pr439,MWI-H,2,2,1.2015075143795848,3.3251258212841672,10,1394404.0
pr439,MWI-H,2,3,1.202774229569946,3.3293404774928126,10,1391027.5
pr439,MWI-H,2,4,1.2025963204702232,3.328748210212223,10,1386847.8
pr439,MWI-H,2,5,1.2034282692081528,3.3315187103818564,10,1383807.9
pr439,MWI-H,2,6,1.2050879087144917,3.3370524211620545,10,1383247.6
pr439,MWI-H,2,7,1.2037666958090374,3.3326463757400084,10,1383287.4
pr439,MWI-H,2,8,1.2024867858182313,3.3283836169036136,10,1381884.7
pr439,MWI-H,2,9,1.2032133601926147,3.3308028139046204,10,1378714.6
pr439,MWI-H,2,10,1.2029100756210254,3.3297927859708434,10,1377988.4
pr439,MWI-H,2,11,1.2037064428785385,3.3324455800788777,10,1376167.3
pr439,MWI-H,2,12,1.2018274320095896,3.3261897578333355,10,1373297.9
pr439,MWI-H,2,13,1.2031668968653557,3.3306480573187236,10,1369790.0
pr439,MWI-H,2,14,1.2047971350378002,3.3360822352193433,10,1368320.9
pr439,MWI-H,2,15,1.205245262183816,3.3375775592529076,10,1366162.0
pr439,MWI-H,2,16,1.2050570641055978,3.3369494926726677,10,1361594.0
pr439,MWI-H,2,17,1.2070144488206738,3.343487583296454,10,1358632.9
pr439,MWI-H,2,18,1.208449046513524,3.3482875850820393,10,1359103.4
pr439,MWI-H,2,19,1.2089945630210226,3.350114629527698,10,1357737.2
pr439,MWI-H,2,20,1.2099305486475052,3.3532517565918964,10,1355364.1
pr439,MWI-H,2,21,1.2116375320404122,3.3589805897731337,10,1353553.0
pr439,MWI-H,2,22,1.2104646359719664,3.3550431641922827,10,1352441.7
pr439,MWI-H,2,23,1.2102625061752812,3.3543650785326014,10,1349399.1
pr439,MWI-H,2,24,1.2102977590753385,3.3544833317138423,10,1347960.6
pr439,MWI-H,2,25,1.2113513740616217,3.3580195281910457,10,1345487.7
pr439,MWI-H,2,26,1.211085980654154,3.3571284501944594,10,1344614.7
pr439,MWI-H,2,27,1.2110602791014387,3.3570421678894236,10,1341685.9
pr439,MWI-H,2,28,1.2088471182327158,3.3496207089992427,10,1339589.0
pr439,MWI-H,2,29,1.2090091546468416,3.35016351350347,10,1338088.9
pr76,MWI-H,1,0,1.2831422936633803,3.607959199029215,10,475719.3
pr76,MWI-H,1,1,1.2662190982454522,3.547414748190438,10,473406.2
pr76,MWI-H,1,2,1.2591654359173652,3.522480524597523,10,468932.3
pr76,MWI-H,1,3,1.264918874531075,3.542805312708157,10,463541.1
pr76,MWI-H,1,4,1.273823123254976,3.5744921969829897,10,460674.8
pr76,MWI-H,1,5,1.2835787129180638,3.6095341255329125,10,456308.7
pr76,MWI-H,1,6,1.2933949287891187,3.645140566042702,10,455364.3
pr76,MWI-H,1,7,1.254486812296559,3.5060386566592014,10,450311.7
pr76,MWI-H,1,8,1.2437397891840043,3.4685609259196046,10,445357.2
pr76,MWI-H,1,9,1.2440465891341386,3.469625243496656,10,440200.3
pr76,MWI-H,1,10,1.2571839317099953,3.515507625313797,10,436197.9
pr76,MWI-H,1,11,1.2719115090646373,3.5676656738940156,10,432540.9
pr76,MWI-H,1,12,1.3340799770429899,3.7965014706574696,10,432461.1
pr76,MWI-H,1,13,1.3245373948348125,3.7604453511207163,10,430514.5
pr76,MWI-H,1,14,1.3429571284024562,3.8303536218777787,10,429789.1
pr76,MWI-H,1,15,1.349942798273962,3.8572048856092556,10,425388.3
pr76,MWI-H,1,16,1.3190276303309156,3.739783156989195,10,419966.8
pr76,MWI-H,1,17,1.3054337559288713,3.6892889976720764,10,418819.9
pr76,MWI-H,1,18,1.28844431123522,3.6271394642205146,10,414597.1
pr76,MWI-H,1,19,1.285787159363612,3.6175143971002477,10,413328.3
pr76,MWI-H,1,20,1.2985558001430675,3.6640012946056855,10,410625.7
pr76,MWI-H,1,21,1.3093359208952842,3.7037133367218678,10,408015.4
pr76,MWI-H,1,22,1.2765618922181572,3.584295323392745,10,407232.9
pr76,MWI-H,1,23,1.279290066007341,3.594087254918797,10,405989.4
pr76,MWI-H,1,24,1.2867279214054823,3.620919218643277,10,404527.3
pr76,MWI-H,1,25,1.299204044620554,3.6663772332217586,10,401844.4
pr76,MWI-H,1,26,1.2539646287753403,3.504208338970397,10,398946.8
pr76,MWI-H,1,27,1.239140049561693,3.4526430858214234,10,398861.8
pr76,MWI-H,1,28,1.2310240876748604,3.424734969919982,10,398120.6
pr76,MWI-H,1,29,1.2155993995071033,3.372314822482776,10,394910.3
pr76,MWI-H,2,0,1.2570075017279505,3.5148874390779166,10,485631.9
pr76,MWI-H,2,1,1.24472256848038,3.471971431398399,10,477126.8
pr76,MWI-H,2,2,1.2161189759584605,3.374067453124477,10,471550.2
pr76,MWI-H,2,3,1.2043151516511186,3.3344746864423866,10,469876.7
pr76,MWI-H,2,4,1.204763241323136,3.335969164916164,10,466429.3
pr76,MWI-H,2,5,1.2025612244902335,3.3286313865816783,10,463018.0
pr76,MWI-H,2,6,1.2020777100515243,3.327022334276484,10,460373.8
pr76,MWI-H,2,7,1.2024986489727907,3.3284231022671036,10,458022.5
pr76,MWI-H,2,8,1.2027820680780352,3.3293665746573584,10,456054.8
pr76,MWI-H,2,9,1.2057574712987216,3.3392875347956057,10,453946.8
pr76,MWI-H,2,10,1.2037768029292586,3.3326800593678048,10,453884.7
pr76,MWI-H,2,11,1.2116344605542737,3.358970272726657,10,450802.3
pr76,MWI-H,2,12,1.223781148609529,3.4000194378127677,10,446504.0
pr76,MWI-H,2,13,1.207872203845938,3.3463567068996176,10,443553.0
pr76,MWI-H,2,14,1.1998799673969107,3.3197184243766267,10,441798.9
pr76,MWI-H,2,15,1.214017069469355,3.3669829269641225,10,440199.9
pr76,MWI-H,2,16,1.2340626059471544,3.4351569153211514,10,441529.7
pr76,MWI-H,2,17,1.2191551613854328,3.384327315095331,10,438032.6
pr76,MWI-H,2,18,1.214716009929576,3.3693370701677807,10,434680.6
pr76,MWI-H,2,19,1.2198045429219022,3.3865257485008984,10,431626.2
pr76,MWI-H,2,20,1.2176241852836314,3.3791499550737405,10,429595.7
pr76,MWI-H,2,21,1.2280900427722183,3.4147013704522275,10,426127.6
pr76,MWI-H,2,22,1.2372133343361615,3.445997230211153,10,426478.2
pr76,MWI-H,2,23,1.2249950506339875,3.4041492343686026,10,423740.7
pr76,MWI-H,2,24,1.2118022963686652,3.3595340755497265,10,420105.8
pr76,MWI-H,2,25,1.19267300116927,3.29587933275514,10,419221.2
pr76,MWI-H,2,26,1.1758649046811727,3.2409448403404273,10,419975.9
pr76,MWI-H,2,27,1.1824668870549393,3.2624122869291052,10,417995.3
pr76,MWI-H,2,28,1.192683700940328,3.2959145980981,10,415237.4
pr76,MWI-H,2,29,1.1871044601187508,3.2775770990569053,10,414196.8
rat99,MWI-H,1,0,1.2270526963642447,3.41116097887501,10,6593.0
rat99,MWI-H,1,1,1.2169521163459727,3.37687969632389,10,6553.8
rat99,MWI-H,1,2,1.2186017758463932,3.382454995404882,10,6517.9
rat99,MWI-H,1,3,1.2184704933051531,3.382010967264664,10,6503.7
rat99,MWI-H,1,4,1.1918388240713886,3.2931311321007595,10,6482.2
rat99,MWI-H,1,5,1.1929101908590594,3.2966611740703433,10,6381.6
rat99,MWI-H,1,6,1.1978135773466079,3.312865673920786,10,6353.0
rat99,MWI-H,1,7,1.201249425696708,3.3242677546739556,10,6322.6
rat99,MWI-H,1,8,1.2139262253414678,3.3666770702293656,10,6246.6
rat99,MWI-H,1,9,1.2122743173713637,3.3611202205100845,10,6218.1
rat99,MWI-H,1,10,1.2195114233063542,3.3855332368448785,10,6170.8
rat99,MWI-H,1,11,1.2063141164117699,3.3411468503243547,10,6144.6
rat99,MWI-H,1,12,1.216545055760156,3.3755053814301617,10,6090.3
rat99,MWI-H,1,13,1.2189695430450034,3.3836991801741174,10,6046.6
rat99,MWI-H,1,14,1.221971519010606,3.393872225767176,10,6022.2
rat99,MWI-H,1,15,1.2230174790653692,3.3974239376968938,10,5949.7
rat99,MWI-H,1,16,1.225162378435457,3.4047188908342165,10,5924.7
rat99,MWI-H,1,17,1.2286752219215298,3.4167001672654127,10,5840.6
rat99,MWI-H,1,18,1.227064749150205,3.4112020931159344,10,5802.5
rat99,MWI-H,1,19,1.2189700956860978,3.383701050145852,10,5771.4
rat99,MWI-H,1,20,1.2284736714597704,3.4160115991619473,10,5741.8
rat99,MWI-H,1,21,1.2300473406215373,3.4213915032561215,10,5717.5
rat99,MWI-H,1,22,1.249055732909156,3.487048697046975,10,5726.3
rat99,MWI-H,1,23,1.228336424003988,3.415542792433041,10,5705.7
rat99,MWI-H,1,24,1.2352386445364965,3.4391991688712036,10,5688.1
rat99,MWI-H,1,25,1.238787643557696,3.451426568034997,10,5652.7
rat99,MWI-H,1,26,1.235773742457739,3.44103996965762,10,5650.5
rat99,MWI-H,1,27,1.2371123243265898,3.4456491675771463,10,5636.5
rat99,MWI-H,1,28,1.216812007524122,3.3764065988314464,10,5611.4
rat99,MWI-H,1,29,1.2044473692558884,3.334915591845679,10,5555.7
rat99,MWI-H,2,0,1.2164760631902252,3.3752725046725565,10,6680.5
rat99,MWI-H,2,1,1.2108688705513089,3.356399662807788,10,6639.9
rat99,MWI-H,2,2,1.2108448320256249,3.356318980878029,10,6588.1
rat99,MWI-H,2,3,1.2144006690802862,3.3682747480601116,10,6501.6
rat99,MWI-H,2,4,1.2141573592514654,3.367455313400036,10,6442.0
rat99,MWI-H,2,5,1.2166979520943002,3.3760215232859596,10,6411.4
rat99,MWI-H,2,6,1.2124794159860481,3.3618096523094354,10,6350.8
rat99,MWI-H,2,7,1.2155135420170329,3.3720252964255586,10,6292.3
rat99,MWI-H,2,8,1.215052932462916,3.370472467008788,10,6237.9
rat99,MWI-H,2,9,1.209501566121064,3.3518135786802126,10,6170.5
rat99,MWI-H,2,10,1.2134223600590426,3.364981145831133,10,6127.4
rat99,MWI-H,2,11,1.2203071360694868,3.388228220925864,10,6100.9
rat99,MWI-H,2,12,1.2136194130940312,3.365644290913828,10,6049.0
rat99,MWI-H,2,13,1.2204473145366264,3.3887032108550947,10,6066.5
rat99,MWI-H,2,14,1.2224433869176068,3.3954740630490576,10,6022.1
rat99,MWI-H,2,15,1.2186763799752232,3.3827073499263483,10,5983.6
rat99,MWI-H,2,16,1.2159019982107895,3.3733354349867035,10,5948.7
rat99,MWI-H,2,17,1.2193753303881967,3.385072521097943,10,5907.8
rat99,MWI-H,2,18,1.2253217403190997,3.405261516485708,10,5864.7
rat99,MWI-H,2,19,1.2186829037627043,3.382729418062194,10,5823.8
rat99,MWI-H,2,20,1.218921076694249,3.383535188596873,10,5814.2
rat99,MWI-H,2,21,1.21710151569507,3.377384237640634,10,5792.6
rat99,MWI-H,2,22,1.2190819394904533,3.3840795173083116,10,5777.5
rat99,MWI-H,2,23,1.2177138782399894,3.3794530546159325,10,5785.3
rat99,MWI-H,2,24,1.2271528387236212,3.411502597688619,10,5723.3
rat99,MWI-H,2,25,1.2246852000659378,3.4030946201894463,10,5713.6
rat99,MWI-H,2,26,1.2255168624151735,3.4059260230783357,10,5690.9
rat99,MWI-H,2,27,1.231039518098335,3.4247878154385694,10,5630.6
rat99,MWI-H,2,28,1.2312716623149442,3.4255829524126913,10,5613.6
rat99,MWI-H,2,29,1.2324139216159697,3.429498092028148,10,5631.2
tsp225,MWI-H,1,0,1.2104544520573282,3.3550089968930696,10,31487.6
tsp225,MWI-H,1,1,1.2108552374478567,3.3563539049758693,10,31334.5
tsp225,MWI-H,1,2,1.2094828141870706,3.351750726282531,10,31222.3
tsp225,MWI-H,1,3,1.2085626196384385,3.3486678821615445,10,31179.7
tsp225,MWI-H,1,4,1.2107647078636132,3.3560500694055393,10,31065.5
tsp225,MWI-H,1,5,1.2097602694282352,3.352680816111798,10,30962.5
tsp225,MWI-H,1,6,1.2102551789117075,3.3543405003055944,10,30850.9
tsp225,MWI-H,1,7,1.2096895276327033,3.3524436498399037,10,30643.6
tsp225,MWI-H,1,8,1.20903184119839,3.350239518022852,10,30526.2
tsp225,MWI-H,1,9,1.2109077154247203,3.356530044260117,10,30459.5
tsp225,MWI-H,1,10,1.212656249095626,3.3624041841289687,10,30317.3
tsp225,MWI-H,1,11,1.2140280865367505,3.367020021446284,10,30351.0
tsp225,MWI-H,1,12,1.2125651267918864,3.362097808072665,10,30272.9
tsp225,MWI-H,1,13,1.2126354308493255,3.362334185499128,10,30191.1
tsp225,MWI-H,1,14,1.2136903757981288,3.365883134608139,10,30137.9
tsp225,MWI-H,1,15,1.2147527569430647,3.3694608855174546,10,30093.2
tsp225,MWI-H,1,16,1.2130641209093647,3.3637758937438993,10,30053.7
tsp225,MWI-H,1,17,1.21423038786808,3.3677012429829243,10,30036.6
tsp225,MWI-H,1,18,1.2134777840285038,3.3651676516117948,10,29980.6
tsp225,MWI-H,1,19,1.213179472276611,3.36416393227231,10,29889.7
tsp225,MWI-H,1,20,1.212825553983972,3.3629735037868773,10,29786.0
tsp225,MWI-H,1,21,1.2144542388325945,3.368455190537158,10,29711.8
tsp225,MWI-H,1,22,1.2168993832883916,3.376701627827509,10,29604.2
tsp225,MWI-H,1,23,1.2164268271199261,3.375106323609323,10,29490.1
tsp225,MWI-H,1,24,1.2183458554447775,3.3815894669219335,10,29439.3
tsp225,MWI-H,1,25,1.2148569362832482,3.3698119320148607,10,29454.3
tsp225,MWI-H,1,26,1.2129619920835617,3.363432372803601,10,29345.8
tsp225,MWI-H,1,27,1.214585131036316,3.368896123916926,10,29262.3
tsp225,MWI-H,1,28,1.2163754072598072,3.374932780576094,10,29146.1
tsp225,MWI-H,1,29,1.2179969624510514,3.3804098598395553,10,29108.2
tsp225,MWI-H,2,0,1.2188879651626556,3.383423156419367,10,31288.9
tsp225,MWI-H,2,1,1.2192088850738076,3.3845091385254347,10,31274.3
tsp225,MWI-H,2,2,1.221119268389524,3.3909810282423334,10,31094.7
tsp225,MWI-H,2,3,1.221748103285578,3.39311406603876,10,30998.4
tsp225,MWI-H,2,4,1.2172215400423578,3.377789630307306,10,30920.9
tsp225,MWI-H,2,5,1.2184999762843127,3.3821106804934438,10,30777.3
tsp225,MWI-H,2,6,1.2184401665625855,3.38190840344392,10,30711.2
tsp225,MWI-H,2,7,1.2202409843652027,3.3880040912679075,10,30705.4
tsp225,MWI-H,2,8,1.2218683296127433,3.3935220322042183,10,30689.7
tsp225,MWI-H,2,9,1.2201962201556062,3.3878524333371014,10,30671.4
tsp225,MWI-H,2,10,1.2214533669105279,3.3921141392634393,10,30592.9
tsp225,MWI-H,2,11,1.2225612175485057,3.395874177472512,10,30562.8
tsp225,MWI-H,2,12,1.2231179747719245,3.397765381372505,10,30423.1
tsp225,MWI-H,2,13,1.2224403004208957,3.3954635829457027,10,30344.6
tsp225,MWI-H,2,14,1.2265484844856602,3.409441464525907,10,30411.9
tsp225,MWI-H,2,15,1.2253516993016846,3.4053635361843733,10,30410.9
tsp225,MWI-H,2,16,1.222278267604039,3.3949134509877426,10,30318.0
tsp225,MWI-H,2,17,1.2222950790208076,3.394970524772405,10,30201.3
tsp225,MWI-H,2,18,1.2227747100569208,3.396599248564792,10,30096.2
tsp225,MWI-H,2,19,1.2174077809612336,3.378418771535925,10,29893.9
tsp225,MWI-H,2,20,1.210794284232126,3.3561493306470256,10,29801.3
tsp225,MWI-H,2,21,1.2110668852467694,3.3570643450711186,10,29788.7
tsp225,MWI-H,2,22,1.2121848971941707,3.3608196819817038,10,29702.8
tsp225,MWI-H,2,23,1.2167647867316174,3.3762471660003337,10,29722.9
tsp225,MWI-H,2,24,1.219559319973314,3.3856953964862266,10,29606.9
tsp225,MWI-H,2,25,1.2208551168197015,3.3900854135747025,10,29539.0
tsp225,MWI-H,2,26,1.2210885917456815,3.3908770059205895,10,29414.1
tsp225,MWI-H,2,27,1.2152009263086208,3.3709713131031878,10,29341.2
tsp225,MWI-H,2,28,1.2188870398966116,3.383420025854256,10,29308.9
tsp225,MWI-H,2,29,1.2204965846613198,3.3888701767980254,10,29195.4
